[
  {
    "id": 17,
    "name": "Red Dress",
    "date_created": "2019-07-18T07:02:04",
    "date_created_gmt": "2019-07-18T07:02:04",
    "date_modified": "2019-08-27T11:48:15",
    "date_modified_gmt": "2019-08-27T11:48:15",
    "type": "simple",
    "status": "publish",
    "featured": false,
    "catalog_visibility": "visible",
    "description": "This adorable dress features denim fabric, round neck, short sleeve styling, solid color design, back zipper closure. Matching bet included. Make sure to add it to your wardrobe and you will love it.",
    "short_description": "This adorable dress features denim fabric, round neck, short sleeve styling, solid color design, back zipper closure. Matching bet included. Make sure to add it to your wardrobe and you will love it.",
    "sku": "wp-pennant",
    "price": "15",
    "regular_price": "16",
    "sale_price": "15",
    "date_on_sale_from": null,
    "date_on_sale_from_gmt": null,
    "date_on_sale_to": null,
    "date_on_sale_to_gmt": null,
    "price_html": "<span class=\"woocommerce-Price-amount amount\"><span class=\"woocommerce-Price-currencySymbol\">&#36;</span>15</span>",
    "on_sale": true,
    "purchasable": true,
    "total_sales": 33,
    "virtual": false,
    "downloadable": false,
    "downloads": [],
    "download_limit": 0,
    "download_expiry": 0,
    "external_url": "",
    "button_text": "",
    "tax_status": "taxable",
    "tax_class": "",
    "manage_stock": true,
    "stock_quantity": 67,
    "stock_status": "instock",
    "backorders": "no",
    "backorders_allowed": false,
    "backordered": false,
    "sold_individually": false,
    "weight": "",
    "dimensions": {
      "length": "50",
      "width": "50",
      "height": "30"
    },
    "shipping_required": true,
    "shipping_taxable": true,
    "shipping_class": "",
    "shipping_class_id": 0,
    "reviews_allowed": true,
    "average_rating": "3.00",
    "rating_count": 1,
    "related_ids": [],
    "upsell_ids": [],
    "cross_sell_ids": [],
    "parent_id": 0,
    "purchase_note": "",
    "categories": [
      {
        "name": "Fashion"
      },
      {
        "name": "Kids"
      },
      {
        "name": "Clothing"
      }
    ],
    "tags": [],
    "images": [
      {
        "id": 141,
        "date_created": "2019-07-19T04:54:51",
        "date_created_gmt": "2019-07-19T04:54:51",
        "date_modified": "2019-07-19T04:54:51",
        "date_modified_gmt": "2019-07-19T04:54:51",
        "src": "/dress/dress_8.jpeg",
        "name": "01",
        "alt": ""
      },
      {
        "id": 186,
        "date_created": "2019-07-19T12:16:45",
        "date_created_gmt": "2019-07-19T12:16:45",
        "date_modified": "2019-07-19T12:16:45",
        "date_modified_gmt": "2019-07-19T12:16:45",
        "src": "/dress/dress_8.jpeg",
        "name": "02",
        "alt": ""
      },
      {
        "id": 187,
        "date_created": "2019-07-19T12:17:07",
        "date_created_gmt": "2019-07-19T12:17:07",
        "date_modified": "2019-07-19T12:17:07",
        "date_modified_gmt": "2019-07-19T12:17:07",
        "src": "/dress/dress_8.jpeg",
        "name": "01",
        "alt": ""
      },
      {
        "id": 189,
        "date_created": "2019-07-19T12:17:08",
        "date_created_gmt": "2019-07-19T12:17:08",
        "date_modified": "2019-07-19T12:17:08",
        "date_modified_gmt": "2019-07-19T12:17:08",
        "src": "/dress/dress_8.jpeg",
        "name": "03",
        "alt": ""
      }
    ],
    "attributes": [
      {
        "id": 1,
        "name": "Color",
        "position": 0,
        "visible": true,
        "variation": true,
        "options": [
          "#0C5A93",
          "#BDBDBD",
          "#dd0202"
        ]
      },
      {
        "id": 2,
        "name": "Size",
        "position": 1,
        "visible": true,
        "variation": true,
        "options": [
          "M",
          "S"
        ]
      },
      {
        "id": 2,
        "name": "Brand",
        "position": 1,
        "visible": true,
        "variation": true,
        "options": [
          "Carter's",
          "Fendi"
        ]
      }
    ],
    "default_attributes": []
  },
  {
    "id": 8,
    "name": "White Trendy Shoes",
    "date_created": "2019-07-18T07:02:04",
    "date_created_gmt": "2019-07-18T07:02:04",
    "date_modified": "2019-08-27T11:48:15",
    "date_modified_gmt": "2019-08-27T11:48:15",
    "type": "simple",
    "status": "publish",
    "featured": true,
    "catalog_visibility": "visible",
    "description": "Our Forever Pumps are a classic and elegant style that you will wear season after season. Made in Italy from our velvety suede in rich black, pair features a feminine pointed toe, sculpted cut outs at the side and sits upon a seductive stiletto heel.",
    "short_description": "Our Forever Pumps are a classic and elegant style that you will wear season after season. Made in Italy from our velvety suede in rich black, pair features a feminine pointed toe, sculpted cut outs at the side and sits upon a seductive stiletto heel.",
    "sku": "wp-pennant",
    "price": "11",
    "regular_price": "12",
    "sale_price": "11",
    "date_on_sale_from": null,
    "date_on_sale_from_gmt": null,
    "date_on_sale_to": null,
    "date_on_sale_to_gmt": null,
    "price_html": "<span class=\"woocommerce-Price-amount amount\"><span class=\"woocommerce-Price-currencySymbol\">&#36;</span>15</span>",
    "on_sale": false,
    "purchasable": true,
    "total_sales": 33,
    "virtual": false,
    "downloadable": false,
    "downloads": [],
    "download_limit": 0,
    "download_expiry": 0,
    "external_url": "",
    "button_text": "",
    "tax_status": "taxable",
    "tax_class": "",
    "manage_stock": true,
    "stock_quantity": 67,
    "stock_status": "instock",
    "backorders": "no",
    "backorders_allowed": false,
    "backordered": false,
    "sold_individually": false,
    "weight": "",
    "dimensions": {
      "length": "50",
      "width": "50",
      "height": "30"
    },
    "shipping_required": true,
    "shipping_taxable": true,
    "shipping_class": "",
    "shipping_class_id": 0,
    "reviews_allowed": true,
    "average_rating": "3.00",
    "rating_count": 1,
    "related_ids": [],
    "upsell_ids": [],
    "cross_sell_ids": [],
    "parent_id": 0,
    "purchase_note": "",
    "categories": [
      {
        "name": "Fashion"
      },
      {
        "name": "Men"
      },
      {
        "name": "Footwear"
      },
      {
        "name": "Sport"
      }
    ],
    "tags": [],
    "images": [
      {
        "id": 141,
        "date_created": "2019-07-19T04:54:51",
        "date_created_gmt": "2019-07-19T04:54:51",
        "date_modified": "2019-07-19T04:54:51",
        "date_modified_gmt": "2019-07-19T04:54:51",
        "src": "/shoes/shoe_5.jpeg",
        "name": "01",
        "alt": ""
      },
      {
        "id": 186,
        "date_created": "2019-07-19T12:16:45",
        "date_created_gmt": "2019-07-19T12:16:45",
        "date_modified": "2019-07-19T12:16:45",
        "date_modified_gmt": "2019-07-19T12:16:45",
        "src": "/shoes/shoe_5.jpeg",
        "name": "02",
        "alt": ""
      },
      {
        "id": 187,
        "date_created": "2019-07-19T12:17:07",
        "date_created_gmt": "2019-07-19T12:17:07",
        "date_modified": "2019-07-19T12:17:07",
        "date_modified_gmt": "2019-07-19T12:17:07",
        "src": "/shoes/shoe_5.jpeg",
        "name": "01",
        "alt": ""
      },
      {
        "id": 189,
        "date_created": "2019-07-19T12:17:08",
        "date_created_gmt": "2019-07-19T12:17:08",
        "date_modified": "2019-07-19T12:17:08",
        "date_modified_gmt": "2019-07-19T12:17:08",
        "src": "/shoes/shoe_5.jpeg",
        "name": "03",
        "alt": ""
      }
    ],
    "attributes": [
      {
        "id": 1,
        "name": "Color",
        "position": 0,
        "visible": true,
        "variation": true,
        "options": [
          "#BDBDBD",
          "#FF220F09"
        ]
      },
      {
        "id": 2,
        "name": "Size",
        "position": 1,
        "visible": true,
        "variation": true,
        "options": [
          "L",
          "M",
          "S",
          "XL"
        ]
      },
      {
        "id": 2,
        "name": "Brand",
        "position": 1,
        "visible": true,
        "variation": true,
        "options": [
          "Adidas",
          "Nike"
        ]
      }
    ],
    "default_attributes": []
  },
  {
    "id": 9,
    "name": "Black Classy Shoes",
    "date_created": "2019-07-18T07:02:04",
    "date_created_gmt": "2019-07-18T07:02:04",
    "date_modified": "2019-08-27T11:48:15",
    "date_modified_gmt": "2019-08-27T11:48:15",
    "type": "simple",
    "status": "publish",
    "featured": true,
    "catalog_visibility": "visible",
    "description": "Our Forever Pumps are a classic and elegant style that you will wear season after season. Made in Italy from our velvety suede in rich black, pair features a feminine pointed toe, sculpted cut outs at the side and sits upon a seductive stiletto heel.",
    "short_description": "Our Forever Pumps are a classic and elegant style that you will wear season after season. Made in Italy from our velvety suede in rich black, pair features a feminine pointed toe, sculpted cut outs at the side and sits upon a seductive stiletto heel.",
    "sku": "wp-pennant",
    "price": "14",
    "regular_price": "15",
    "sale_price": "11",
    "date_on_sale_from": null,
    "date_on_sale_from_gmt": null,
    "date_on_sale_to": null,
    "date_on_sale_to_gmt": null,
    "price_html": "<span class=\"woocommerce-Price-amount amount\"><span class=\"woocommerce-Price-currencySymbol\">&#36;</span>15</span>",
    "on_sale": true,
    "purchasable": true,
    "total_sales": 33,
    "virtual": false,
    "downloadable": false,
    "downloads": [],
    "download_limit": 0,
    "download_expiry": 0,
    "external_url": "",
    "button_text": "",
    "tax_status": "taxable",
    "tax_class": "",
    "manage_stock": true,
    "stock_quantity": 67,
    "stock_status": "instock",
    "backorders": "no",
    "backorders_allowed": false,
    "backordered": false,
    "sold_individually": false,
    "weight": "",
    "dimensions": {
      "length": "50",
      "width": "50",
      "height": "30"
    },
    "shipping_required": true,
    "shipping_taxable": true,
    "shipping_class": "",
    "shipping_class_id": 0,
    "reviews_allowed": true,
    "average_rating": "3.00",
    "rating_count": 1,
    "related_ids": [],
    "upsell_ids": [],
    "cross_sell_ids": [],
    "parent_id": 0,
    "purchase_note": "",
    "categories": [
      {
        "name": "Fashion"
      },
      {
        "name": "Men"
      },
      {
        "name": "Footwear"
      }
    ],
    "tags": [],
    "images": [
      {
        "id": 141,
        "date_created": "2019-07-19T04:54:51",
        "date_created_gmt": "2019-07-19T04:54:51",
        "date_modified": "2019-07-19T04:54:51",
        "date_modified_gmt": "2019-07-19T04:54:51",
        "src": "/shoes/shoe_6.jpeg",
        "name": "01",
        "alt": ""
      },
      {
        "id": 186,
        "date_created": "2019-07-19T12:16:45",
        "date_created_gmt": "2019-07-19T12:16:45",
        "date_modified": "2019-07-19T12:16:45",
        "date_modified_gmt": "2019-07-19T12:16:45",
        "src": "/shoes/shoe_6.jpeg",
        "name": "02",
        "alt": ""
      },
      {
        "id": 187,
        "date_created": "2019-07-19T12:17:07",
        "date_created_gmt": "2019-07-19T12:17:07",
        "date_modified": "2019-07-19T12:17:07",
        "date_modified_gmt": "2019-07-19T12:17:07",
        "src": "/shoes/shoe_6.jpeg",
        "name": "01",
        "alt": ""
      },
      {
        "id": 189,
        "date_created": "2019-07-19T12:17:08",
        "date_created_gmt": "2019-07-19T12:17:08",
        "date_modified": "2019-07-19T12:17:08",
        "date_modified_gmt": "2019-07-19T12:17:08",
        "src": "/shoes/shoe_6.jpeg",
        "name": "03",
        "alt": ""
      }
    ],
    "attributes": [
      {
        "id": 1,
        "name": "Color",
        "position": 0,
        "visible": true,
        "variation": true,
        "options": [
          "#000000",
          "#0C3A6A"
        ]
      },
      {
        "id": 2,
        "name": "Size",
        "position": 1,
        "visible": true,
        "variation": true,
        "options": [
          "L",
          "M",
          "S",
          "XL"
        ]
      },
      {
        "id": 2,
        "name": "Brand",
        "position": 1,
        "visible": true,
        "variation": true,
        "options": [
          "Adidas",
          "Nike"
        ]
      }
    ],
    "default_attributes": []
  },
  {
    "id": 11,
    "name": "Black Simple Dress",
    "date_created": "2019-07-18T07:02:04",
    "date_created_gmt": "2019-07-18T07:02:04",
    "date_modified": "2019-08-27T11:48:15",
    "date_modified_gmt": "2019-08-27T11:48:15",
    "type": "simple",
    "status": "publish",
    "featured": true,
    "catalog_visibility": "visible",
    "description": "This adorable dress features denim fabric, round neck, short sleeve styling, solid color design, back zipper closure. Matching bet included. Make sure to add it to your wardrobe and you will love it.",
    "short_description": "This adorable dress features denim fabric, round neck, short sleeve styling, solid color design, back zipper closure. Matching bet included. Make sure to add it to your wardrobe and you will love it.",
    "sku": "wp-pennant",
    "price": "8",
    "regular_price": "9",
    "sale_price": "8",
    "date_on_sale_from": null,
    "date_on_sale_from_gmt": null,
    "date_on_sale_to": null,
    "date_on_sale_to_gmt": null,
    "price_html": "<span class=\"woocommerce-Price-amount amount\"><span class=\"woocommerce-Price-currencySymbol\">&#36;</span>15</span>",
    "on_sale": false,
    "purchasable": true,
    "total_sales": 33,
    "virtual": false,
    "downloadable": false,
    "downloads": [],
    "download_limit": 0,
    "download_expiry": 0,
    "external_url": "",
    "button_text": "",
    "tax_status": "taxable",
    "tax_class": "",
    "manage_stock": true,
    "stock_quantity": 67,
    "stock_status": "instock",
    "backorders": "no",
    "backorders_allowed": false,
    "backordered": false,
    "sold_individually": false,
    "weight": "",
    "dimensions": {
      "length": "50",
      "width": "50",
      "height": "30"
    },
    "shipping_required": true,
    "shipping_taxable": true,
    "shipping_class": "",
    "shipping_class_id": 0,
    "reviews_allowed": true,
    "average_rating": "3.00",
    "rating_count": 1,
    "related_ids": [],
    "upsell_ids": [],
    "cross_sell_ids": [],
    "parent_id": 0,
    "purchase_note": "",
    "categories": [
      {
        "name": "Fashion"
      },
      {
        "name": "Women"
      },
      {
        "name": "Clothing"
      }
    ],
    "tags": [],
    "images": [
      {
        "id": 141,
        "date_created": "2019-07-19T04:54:51",
        "date_created_gmt": "2019-07-19T04:54:51",
        "date_modified": "2019-07-19T04:54:51",
        "date_modified_gmt": "2019-07-19T04:54:51",
        "src": "/dress/dress_1.jpeg",
        "name": "01",
        "alt": ""
      },
      {
        "id": 186,
        "date_created": "2019-07-19T12:16:45",
        "date_created_gmt": "2019-07-19T12:16:45",
        "date_modified": "2019-07-19T12:16:45",
        "date_modified_gmt": "2019-07-19T12:16:45",
        "src": "/dress/dress_1.jpeg",
        "name": "02",
        "alt": ""
      },
      {
        "id": 187,
        "date_created": "2019-07-19T12:17:07",
        "date_created_gmt": "2019-07-19T12:17:07",
        "date_modified": "2019-07-19T12:17:07",
        "date_modified_gmt": "2019-07-19T12:17:07",
        "src": "/dress/dress_1.jpeg",
        "name": "01",
        "alt": ""
      },
      {
        "id": 189,
        "date_created": "2019-07-19T12:17:08",
        "date_created_gmt": "2019-07-19T12:17:08",
        "date_modified": "2019-07-19T12:17:08",
        "date_modified_gmt": "2019-07-19T12:17:08",
        "src": "/dress/dress_1.jpeg",
        "name": "03",
        "alt": ""
      }
    ],
    "attributes": [
      {
        "id": 1,
        "name": "Color",
        "position": 0,
        "visible": true,
        "variation": true,
        "options": [
          "#0C5A93",
          "#BDBDBD"
        ]
      },
      {
        "id": 2,
        "name": "Size",
        "position": 1,
        "visible": true,
        "variation": true,
        "options": [
          "L",
          "M",
          "S",
          "XL",
          "XXL"
        ]
      },
      {
        "id": 2,
        "name": "Brand",
        "position": 1,
        "visible": true,
        "variation": true,
        "options": [
          "Zara"
        ]
      }
    ],
    "default_attributes": []
  },
  {
    "id": 14,
    "name": "Ganesha Fountain",
    "date_created": "2019-07-18T07:02:04",
    "date_created_gmt": "2019-07-18T07:02:04",
    "date_modified": "2019-08-27T11:48:15",
    "date_modified_gmt": "2019-08-27T11:48:15",
    "type": "simple",
    "status": "publish",
    "featured": true,
    "catalog_visibility": "visible",
    "description": "Material: Polyresin\nColor: Brown/Gold\nStyle: Contemporary\nWidth: 10 Inches 26.6 (cm)\nLength: 11 Inches 28.5 (cm)\nHeight: 11 Inches 28.5 (cm)",
    "short_description": "Material: Polyresin\nColor: Brown/Gold\nStyle: Contemporary\nWidth: 10 Inches 26.6 (cm)\nLength: 11 Inches 28.5 (cm)\nHeight: 11 Inches 28.5 (cm)",
    "sku": "wp-pennant",
    "price": "9",
    "regular_price": "10",
    "sale_price": "9",
    "date_on_sale_from": null,
    "date_on_sale_from_gmt": null,
    "date_on_sale_to": null,
    "date_on_sale_to_gmt": null,
    "price_html": "<span class=\"woocommerce-Price-amount amount\"><span class=\"woocommerce-Price-currencySymbol\">&#36;</span>15</span>",
    "on_sale": false,
    "purchasable": true,
    "total_sales": 33,
    "virtual": false,
    "downloadable": false,
    "downloads": [],
    "download_limit": 0,
    "download_expiry": 0,
    "external_url": "",
    "button_text": "",
    "tax_status": "taxable",
    "tax_class": "",
    "manage_stock": true,
    "stock_quantity": 67,
    "stock_status": "instock",
    "backorders": "no",
    "backorders_allowed": false,
    "backordered": false,
    "sold_individually": false,
    "weight": "",
    "dimensions": {
      "length": "50",
      "width": "50",
      "height": "30"
    },
    "shipping_required": true,
    "shipping_taxable": true,
    "shipping_class": "",
    "shipping_class_id": 0,
    "reviews_allowed": true,
    "average_rating": "3.00",
    "rating_count": 1,
    "related_ids": [],
    "upsell_ids": [],
    "cross_sell_ids": [],
    "parent_id": 0,
    "purchase_note": "",
    "categories": [
      {
        "name": "Decor"
      }
    ],
    "tags": [],
    "images": [
      {
        "id": 141,
        "date_created": "2019-07-19T04:54:51",
        "date_created_gmt": "2019-07-19T04:54:51",
        "date_modified": "2019-07-19T04:54:51",
        "date_modified_gmt": "2019-07-19T04:54:51",
        "src": "/decor/decor_1.jpg",
        "name": "01",
        "alt": ""
      },
      {
        "id": 186,
        "date_created": "2019-07-19T12:16:45",
        "date_created_gmt": "2019-07-19T12:16:45",
        "date_modified": "2019-07-19T12:16:45",
        "date_modified_gmt": "2019-07-19T12:16:45",
        "src": "/decor/decor_1.jpg",
        "name": "02",
        "alt": ""
      },
      {
        "id": 187,
        "date_created": "2019-07-19T12:17:07",
        "date_created_gmt": "2019-07-19T12:17:07",
        "date_modified": "2019-07-19T12:17:07",
        "date_modified_gmt": "2019-07-19T12:17:07",
        "src": "/decor/decor_1.jpg",
        "name": "01",
        "alt": ""
      },
      {
        "id": 189,
        "date_created": "2019-07-19T12:17:08",
        "date_created_gmt": "2019-07-19T12:17:08",
        "date_modified": "2019-07-19T12:17:08",
        "date_modified_gmt": "2019-07-19T12:17:08",
        "src": "/decor/decor_1.jpg",
        "name": "03",
        "alt": ""
      }
    ],
    "attributes": [
      {
        "id": 2,
        "name": "Brand",
        "position": 1,
        "visible": true,
        "variation": true,
        "options": [
          "Carters's",
          "Faballey"
        ]
      }
    ],
    "default_attributes": []
  },
  {
    "id": 21,
    "name": "UV Protected Sunglasses",
    "date_created": "2019-07-18T07:02:04",
    "date_created_gmt": "2019-07-18T07:02:04",
    "date_modified": "2019-08-27T11:48:15",
    "date_modified_gmt": "2019-08-27T11:48:15",
    "type": "simple",
    "status": "publish",
    "featured": false,
    "catalog_visibility": "visible",
    "description": "This adorable dress features denim fabric, round neck, short sleeve styling, solid color design, back zipper closure. Matching bet included. Make sure to add it to your wardrobe and you will love it.",
    "short_description": "This adorable dress features denim fabric, round neck, short sleeve styling, solid color design, back zipper closure. Matching bet included. Make sure to add it to your wardrobe and you will love it.",
    "sku": "wp-pennant",
    "price": "7",
    "regular_price": "8",
    "sale_price": "6",
    "date_on_sale_from": null,
    "date_on_sale_from_gmt": null,
    "date_on_sale_to": null,
    "date_on_sale_to_gmt": null,
    "price_html": "<span class=\"woocommerce-Price-amount amount\"><span class=\"woocommerce-Price-currencySymbol\">&#36;</span>15</span>",
    "on_sale": true,
    "purchasable": true,
    "total_sales": 33,
    "virtual": false,
    "downloadable": false,
    "downloads": [],
    "download_limit": 0,
    "download_expiry": 0,
    "external_url": "",
    "button_text": "",
    "tax_status": "taxable",
    "tax_class": "",
    "manage_stock": true,
    "stock_quantity": 67,
    "stock_status": "instock",
    "backorders": "no",
    "backorders_allowed": false,
    "backordered": false,
    "sold_individually": false,
    "weight": "",
    "dimensions": {
      "length": "50",
      "width": "50",
      "height": "30"
    },
    "shipping_required": true,
    "shipping_taxable": true,
    "shipping_class": "",
    "shipping_class_id": 0,
    "reviews_allowed": true,
    "average_rating": "3.00",
    "rating_count": 1,
    "related_ids": [],
    "upsell_ids": [],
    "cross_sell_ids": [],
    "parent_id": 0,
    "purchase_note": "",
    "categories": [
      {
        "name": "Fashion"
      },
      {
        "name": "Men"
      },
      {
        "name": "Women"
      },
      {
        "name": "Optics"
      }
    ],
    "tags": [],
    "images": [
      {
        "id": 141,
        "date_created": "2019-07-19T04:54:51",
        "date_created_gmt": "2019-07-19T04:54:51",
        "date_modified": "2019-07-19T04:54:51",
        "date_modified_gmt": "2019-07-19T04:54:51",
        "src": "/spects.jpg",
        "name": "01",
        "alt": ""
      },
      {
        "id": 186,
        "date_created": "2019-07-19T12:16:45",
        "date_created_gmt": "2019-07-19T12:16:45",
        "date_modified": "2019-07-19T12:16:45",
        "date_modified_gmt": "2019-07-19T12:16:45",
        "src": "/spects.jpg",
        "name": "02",
        "alt": ""
      },
      {
        "id": 187,
        "date_created": "2019-07-19T12:17:07",
        "date_created_gmt": "2019-07-19T12:17:07",
        "date_modified": "2019-07-19T12:17:07",
        "date_modified_gmt": "2019-07-19T12:17:07",
        "src": "/spects.jpg",
        "name": "01",
        "alt": ""
      },
      {
        "id": 189,
        "date_created": "2019-07-19T12:17:08",
        "date_created_gmt": "2019-07-19T12:17:08",
        "date_modified": "2019-07-19T12:17:08",
        "date_modified_gmt": "2019-07-19T12:17:08",
        "src": "/spects.jpg",
        "name": "03",
        "alt": ""
      }
    ],
    "attributes": [
      {
        "id": 1,
        "name": "Color",
        "position": 0,
        "visible": true,
        "variation": true,
        "options": [
          "#000000",
          "#BDBDBD",
          "#dd0202"
        ]
      },
      {
        "id": 2,
        "name": "Size",
        "position": 1,
        "visible": true,
        "variation": true,
        "options": [
          "M",
          "S"
        ]
      },
      {
        "id": 2,
        "name": "Brand",
        "position": 1,
        "visible": true,
        "variation": true,
        "options": [
          "Carter's","Fendi"
        ]
      }
    ],
    "default_attributes": []
  },
  {
  "id": 22,
  "name": "Analog Mens Watch",
  "date_created": "2019-07-18T07:02:04",
  "date_created_gmt": "2019-07-18T07:02:04",
  "date_modified": "2019-08-27T11:48:15",
  "date_modified_gmt": "2019-08-27T11:48:15",
  "type": "simple",
  "status": "publish",
  "featured": true,
  "catalog_visibility": "visible",
  "description": "This adorable dress features denim fabric, round neck, short sleeve styling, solid color design, back zipper closure. Matching bet included. Make sure to add it to your wardrobe and you will love it.",
  "short_description": "This adorable dress features denim fabric, round neck, short sleeve styling, solid color design, back zipper closure. Matching bet included. Make sure to add it to your wardrobe and you will love it.",
  "sku": "wp-pennant",
  "price": "7",
  "regular_price": "8",
  "sale_price": "6",
  "date_on_sale_from": null,
  "date_on_sale_from_gmt": null,
  "date_on_sale_to": null,
  "date_on_sale_to_gmt": null,
  "price_html": "<span class=\"woocommerce-Price-amount amount\"><span class=\"woocommerce-Price-currencySymbol\">&#36;</span>15</span>",
  "on_sale": true,
  "purchasable": true,
  "total_sales": 33,
  "virtual": false,
  "downloadable": false,
  "downloads": [],
  "download_limit": 0,
  "download_expiry": 0,
  "external_url": "",
  "button_text": "",
  "tax_status": "taxable",
  "tax_class": "",
  "manage_stock": true,
  "stock_quantity": 67,
  "stock_status": "instock",
  "backorders": "no",
  "backorders_allowed": false,
  "backordered": false,
  "sold_individually": false,
  "weight": "",
  "dimensions": {
    "length": "50",
    "width": "50",
    "height": "30"
  },
  "shipping_required": true,
  "shipping_taxable": true,
  "shipping_class": "",
  "shipping_class_id": 0,
  "reviews_allowed": true,
  "average_rating": "3.00",
  "rating_count": 1,
  "related_ids": [],
  "upsell_ids": [],
  "cross_sell_ids": [],
  "parent_id": 0,
  "purchase_note": "",
  "categories": [
    {
      "name": "Fashion"
    },
    {
      "name": "Men"
    },
    {
      "name": "Watches"
    }
  ],
  "tags": [],
  "images": [
    {
      "id": 141,
      "date_created": "2019-07-19T04:54:51",
      "date_created_gmt": "2019-07-19T04:54:51",
      "date_modified": "2019-07-19T04:54:51",
      "date_modified_gmt": "2019-07-19T04:54:51",
      "src": "/watch_1.jpg",
      "name": "01",
      "alt": ""
    },
    {
      "id": 186,
      "date_created": "2019-07-19T12:16:45",
      "date_created_gmt": "2019-07-19T12:16:45",
      "date_modified": "2019-07-19T12:16:45",
      "date_modified_gmt": "2019-07-19T12:16:45",
      "src": "/watch_1.jpg",
      "name": "02",
      "alt": ""
    },
    {
      "id": 187,
      "date_created": "2019-07-19T12:17:07",
      "date_created_gmt": "2019-07-19T12:17:07",
      "date_modified": "2019-07-19T12:17:07",
      "date_modified_gmt": "2019-07-19T12:17:07",
      "src": "/watch_1.jpg",
      "name": "01",
      "alt": ""
    },
    {
      "id": 189,
      "date_created": "2019-07-19T12:17:08",
      "date_created_gmt": "2019-07-19T12:17:08",
      "date_modified": "2019-07-19T12:17:08",
      "date_modified_gmt": "2019-07-19T12:17:08",
      "src": "/watch_1.jpg",
      "name": "03",
      "alt": ""
    }
  ],
  "attributes": [
    {
      "id": 1,
      "name": "Color",
      "position": 0,
      "visible": true,
      "variation": true,
      "options": [
        "#000000",
        "#BDBDBD",
        "#dd0202"
      ]
    },
    {
      "id": 2,
      "name": "Size",
      "position": 1,
      "visible": true,
      "variation": true,
      "options": [
        "M",
        "S"
      ]
    },
    {
      "id": 2,
      "name": "Brand",
      "position": 1,
      "visible": true,
      "variation": true,
      "options": [
        "Carter's",
        "Fendi"
      ]
    }
  ],
  "default_attributes": []
}
]