{"v":"5.5.7","meta":{"g":"LottieFiles AE 0.1.20","a":"","k":"","d":"","tc":""},"fr":25,"ip":0,"op":62,"w":426,"h":426,"nm":"LOADING BEANS","ddd":0,"assets":[],"layers":[{"ddd":0,"ind":1,"ty":4,"nm":"04","sr":1,"ks":{"o":{"a":0,"k":100,"ix":11},"r":{"a":1,"k":[{"i":{"x":[0.833],"y":[0.833]},"o":{"x":[0.167],"y":[0.167]},"t":27,"s":[0]},{"i":{"x":[0.833],"y":[0.833]},"o":{"x":[0.167],"y":[0.167]},"t":33,"s":[352]},{"t":34,"s":[0]}],"ix":10},"p":{"a":1,"k":[{"i":{"x":0.833,"y":0.833},"o":{"x":0.167,"y":0.167},"t":0,"s":[333,222.1,0],"to":[0,0.373,0],"ti":[0,-1.073,0]},{"i":{"x":0.833,"y":0.833},"o":{"x":0.167,"y":0.167},"t":15,"s":[333,222.1,0],"to":[0,2.282,0],"ti":[0,0.567,0]},{"i":{"x":0.833,"y":0.833},"o":{"x":0.167,"y":0.167},"t":17,"s":[333,229.1,0],"to":[0,-0.833,0],"ti":[0,4.165,0]},{"i":{"x":0.833,"y":0.833},"o":{"x":0.167,"y":0.167},"t":19,"s":[333,217.1,0],"to":[0,-4.165,0],"ti":[0,22.498,0]},{"i":{"x":0.833,"y":0.789},"o":{"x":0.167,"y":0.167},"t":22,"s":[333,204.11,0],"to":[0,-22.498,0],"ti":[0,-2.165,0]},{"i":{"x":0.833,"y":0.833},"o":{"x":0.167,"y":0.127},"t":31,"s":[333,82.11,0],"to":[0,2.165,0],"ti":[0,-24.498,0]},{"i":{"x":0.833,"y":0.833},"o":{"x":0.167,"y":0.167},"t":37,"s":[333,217.1,0],"to":[0,24.498,0],"ti":[0,-0.817,0]},{"i":{"x":0.833,"y":0.833},"o":{"x":0.167,"y":0.167},"t":38,"s":[333,229.1,0],"to":[0,0.817,0],"ti":[0,1.183,0]},{"t":42,"s":[333,222,0]}],"ix":2},"a":{"a":0,"k":[64.245,71.965,0],"ix":1},"s":{"a":1,"k":[{"i":{"x":[0.833,0.833,0.833],"y":[0.833,0.833,0.833]},"o":{"x":[0.167,0.167,0.167],"y":[0.167,0.167,0.167]},"t":0,"s":[100,100,100]},{"i":{"x":[0.833,0.833,0.833],"y":[0.833,0.833,0.833]},"o":{"x":[0.167,0.167,0.167],"y":[0.167,0.167,0.167]},"t":15,"s":[100,100,100]},{"i":{"x":[0.833,0.833,0.833],"y":[0.833,0.833,0.833]},"o":{"x":[0.167,0.167,0.167],"y":[0.167,0.167,0.167]},"t":17,"s":[100,81,100]},{"i":{"x":[0.833,0.833,0.833],"y":[0.833,0.833,0.833]},"o":{"x":[0.167,0.167,0.167],"y":[0.167,0.167,0.167]},"t":18,"s":[100,92,100]},{"i":{"x":[0.833,0.833,0.833],"y":[0.833,0.833,0.833]},"o":{"x":[0.167,0.167,0.167],"y":[0.167,0.167,0.167]},"t":22,"s":[100,100,100]},{"i":{"x":[0.833,0.833,0.833],"y":[0.833,0.833,0.833]},"o":{"x":[0.167,0.167,0.167],"y":[0.167,0.167,0.167]},"t":37,"s":[100,92,100]},{"i":{"x":[0.833,0.833,0.833],"y":[1,0.667,1]},"o":{"x":[0.167,0.167,0.167],"y":[0,0.167,0]},"t":38,"s":[100,81,100]},{"t":42,"s":[100,100,100]}],"ix":6}},"ao":0,"shapes":[{"ty":"gr","it":[{"ind":0,"ty":"sh","ix":1,"ks":{"a":0,"k":{"i":[[-0.902,4.219],[-0.314,-2.173],[0.089,-2.238],[1.835,-4.253],[0.531,-1.04],[0.662,-0.962],[1.579,-1.724],[0.882,-0.759],[0.91,-0.724],[0.94,-0.68],[0.894,-0.567],[0.736,-0.528],[0.702,-0.585],[1.327,-1.241],[2.072,-3.052],[1.401,-3.659],[0.631,-4.27],[0.433,2.16],[0.007,2.25],[-1.715,4.308],[-0.492,1.058],[-0.624,0.985],[-1.508,1.77],[-0.835,0.8],[-0.866,0.763],[-0.903,0.715],[-0.986,0.666],[0,0],[-0.73,0.535],[-1.384,1.162],[-2.156,3.002],[-1.544,3.62]],"o":[[0.864,1.999],[0.334,2.18],[-0.197,4.472],[-0.452,1.068],[-0.571,1.011],[-1.255,1.978],[-0.8,0.852],[-0.855,0.798],[-0.896,0.749],[-0.93,0.614],[-0.72,0.504],[-0.734,0.552],[-1.475,1.094],[-2.674,2.468],[-2.091,3.046],[-1.393,3.672],[-1.003,-1.937],[-0.446,-2.166],[0.015,-4.492],[0.411,-1.087],[0.542,-1.027],[1.189,-2.012],[0.755,-0.886],[0.815,-0.83],[0.864,-0.772],[0.939,-0.687],[0,0],[0.755,-0.508],[1.517,-1.009],[2.729,-2.363],[2.182,-2.987],[1.551,-3.628]],"v":[[22.036,-41.588],[23.743,-35.268],[24.068,-28.628],[20.992,-15.385],[19.482,-12.245],[17.665,-9.257],[13.316,-3.76],[10.809,-1.316],[8.141,0.934],[5.324,2.969],[2.544,4.698],[0.365,6.175],[-1.858,7.811],[-6.036,11.345],[-13.139,19.637],[-18.338,29.726],[-21.424,41.588],[-23.516,35.369],[-24.157,28.727],[-21.551,15.342],[-20.141,12.154],[-18.423,9.113],[-14.283,3.489],[-11.887,0.964],[-9.338,-1.387],[-6.635,-3.532],[-3.687,-5.555],[-1.172,-7.066],[1.109,-8.577],[5.405,-11.896],[12.766,-19.922],[18.339,-29.865]],"c":true},"ix":2},"nm":"TracÃÂ© 1","mn":"ADBE Vector Shape - Group","hd":false},{"ty":"fl","c":{"a":0,"k":[0,0,0,1],"ix":4},"o":{"a":0,"k":100,"ix":5},"r":1,"bm":0,"nm":"Fond 1","mn":"ADBE Vector Graphic - Fill","hd":false},{"ty":"tr","p":{"a":0,"k":[64.423,72.966],"ix":2},"a":{"a":0,"k":[0,0],"ix":1},"s":{"a":0,"k":[100,100],"ix":3},"r":{"a":0,"k":0,"ix":6},"o":{"a":0,"k":100,"ix":7},"sk":{"a":0,"k":0,"ix":4},"sa":{"a":0,"k":0,"ix":5},"nm":"Transformer "}],"nm":"Groupe 1","np":2,"cix":2,"bm":0,"ix":1,"mn":"ADBE Vector Group","hd":false},{"ty":"gr","it":[{"ind":0,"ty":"sh","ix":1,"ks":{"a":0,"k":{"i":[[12.759,-21.04],[14.628,8.872],[-12.759,21.038],[-14.628,-8.871]],"o":[[-12.76,21.038],[-14.628,-8.871],[12.76,-21.04],[14.628,8.871]],"v":[[26.487,16.063],[-23.102,38.094],[-26.486,-16.063],[23.104,-38.094]],"c":true},"ix":2},"nm":"TracÃÂ© 1","mn":"ADBE Vector Shape - Group","hd":false},{"ty":"st","c":{"a":0,"k":[0,0,0,1],"ix":3},"o":{"a":0,"k":100,"ix":4},"w":{"a":0,"k":10,"ix":5},"lc":2,"lj":2,"bm":0,"nm":"Contour 1","mn":"ADBE Vector Graphic - Stroke","hd":false},{"ty":"fl","c":{"a":0,"k":[0.41568627451,0.223529411765,0.164705882353,1],"ix":4},"o":{"a":0,"k":100,"ix":5},"r":1,"bm":0,"nm":"Fond 1","mn":"ADBE Vector Graphic - Fill","hd":false},{"ty":"tr","p":{"a":0,"k":[64.245,71.966],"ix":2},"a":{"a":0,"k":[0,0],"ix":1},"s":{"a":0,"k":[100,100],"ix":3},"r":{"a":0,"k":0,"ix":6},"o":{"a":0,"k":100,"ix":7},"sk":{"a":0,"k":0,"ix":4},"sa":{"a":0,"k":0,"ix":5},"nm":"Transformer "}],"nm":"Groupe 2","np":3,"cix":2,"bm":0,"ix":2,"mn":"ADBE Vector Group","hd":false},{"ty":"tw","a":{"a":0,"k":10,"ix":1},"c":{"a":1,"k":[{"i":{"x":0.833,"y":0.833},"o":{"x":0.167,"y":0.167},"t":19,"s":[0,0],"to":[-40.333,0],"ti":[0,0]},{"i":{"x":0.833,"y":0.833},"o":{"x":0.167,"y":0.167},"t":21,"s":[-242,0],"to":[0,0],"ti":[-40.333,0]},{"t":40,"s":[0,0]}],"ix":2},"ix":3,"nm":"Torsion 1","mn":"ADBE Vector Filter - Twist","hd":false}],"ip":0,"op":80,"st":0,"bm":0},{"ddd":0,"ind":2,"ty":4,"nm":"03","sr":1,"ks":{"o":{"a":0,"k":100,"ix":11},"r":{"a":1,"k":[{"i":{"x":[0.833],"y":[0.833]},"o":{"x":[0.167],"y":[0.167]},"t":22,"s":[0]},{"i":{"x":[0.833],"y":[0.833]},"o":{"x":[0.167],"y":[0.167]},"t":28,"s":[352]},{"t":29,"s":[0]}],"ix":10},"p":{"a":1,"k":[{"i":{"x":0.833,"y":0.833},"o":{"x":0.167,"y":0.167},"t":0,"s":[245,222.1,0],"to":[0,0.373,0],"ti":[0,-1.073,0]},{"i":{"x":0.833,"y":0.833},"o":{"x":0.167,"y":0.167},"t":10,"s":[245,222.1,0],"to":[0,2.282,0],"ti":[0,0.567,0]},{"i":{"x":0.833,"y":0.833},"o":{"x":0.167,"y":0.167},"t":12,"s":[245,229.1,0],"to":[0,-0.833,0],"ti":[0,4.165,0]},{"i":{"x":0.833,"y":0.833},"o":{"x":0.167,"y":0.167},"t":14,"s":[245,217.1,0],"to":[0,-4.165,0],"ti":[0,22.498,0]},{"i":{"x":0.833,"y":0.789},"o":{"x":0.167,"y":0.167},"t":17,"s":[245,204.11,0],"to":[0,-22.498,0],"ti":[0,-2.165,0]},{"i":{"x":0.833,"y":0.833},"o":{"x":0.167,"y":0.127},"t":26,"s":[245,82.11,0],"to":[0,2.165,0],"ti":[0,-24.498,0]},{"i":{"x":0.833,"y":0.833},"o":{"x":0.167,"y":0.167},"t":32,"s":[245,217.1,0],"to":[0,24.498,0],"ti":[0,-0.817,0]},{"i":{"x":0.833,"y":0.833},"o":{"x":0.167,"y":0.167},"t":33,"s":[245,229.1,0],"to":[0,0.817,0],"ti":[0,1.183,0]},{"t":37,"s":[245,222,0]}],"ix":2},"a":{"a":0,"k":[64.245,71.965,0],"ix":1},"s":{"a":1,"k":[{"i":{"x":[0.833,0.833,0.833],"y":[0.833,0.833,0.833]},"o":{"x":[0.167,0.167,0.167],"y":[0.167,0.167,0.167]},"t":0,"s":[100,100,100]},{"i":{"x":[0.833,0.833,0.833],"y":[0.833,0.833,0.833]},"o":{"x":[0.167,0.167,0.167],"y":[0.167,0.167,0.167]},"t":10,"s":[100,100,100]},{"i":{"x":[0.833,0.833,0.833],"y":[0.833,0.833,0.833]},"o":{"x":[0.167,0.167,0.167],"y":[0.167,0.167,0.167]},"t":12,"s":[100,81,100]},{"i":{"x":[0.833,0.833,0.833],"y":[0.833,0.833,0.833]},"o":{"x":[0.167,0.167,0.167],"y":[0.167,0.167,0.167]},"t":13,"s":[100,92,100]},{"i":{"x":[0.833,0.833,0.833],"y":[0.833,0.833,0.833]},"o":{"x":[0.167,0.167,0.167],"y":[0.167,0.167,0.167]},"t":17,"s":[100,100,100]},{"i":{"x":[0.833,0.833,0.833],"y":[0.833,0.833,0.833]},"o":{"x":[0.167,0.167,0.167],"y":[0.167,0.167,0.167]},"t":32,"s":[100,92,100]},{"i":{"x":[0.833,0.833,0.833],"y":[1,0.667,1]},"o":{"x":[0.167,0.167,0.167],"y":[0,0.167,0]},"t":33,"s":[100,81,100]},{"t":37,"s":[100,100,100]}],"ix":6}},"ao":0,"shapes":[{"ty":"gr","it":[{"ind":0,"ty":"sh","ix":1,"ks":{"a":0,"k":{"i":[[-0.902,4.219],[-0.314,-2.173],[0.089,-2.238],[1.835,-4.253],[0.531,-1.04],[0.662,-0.962],[1.579,-1.724],[0.882,-0.759],[0.91,-0.724],[0.94,-0.68],[0.894,-0.567],[0.736,-0.528],[0.702,-0.585],[1.327,-1.241],[2.072,-3.052],[1.401,-3.659],[0.631,-4.27],[0.433,2.16],[0.007,2.25],[-1.715,4.308],[-0.492,1.058],[-0.624,0.985],[-1.508,1.77],[-0.835,0.8],[-0.866,0.763],[-0.903,0.715],[-0.986,0.666],[0,0],[-0.73,0.535],[-1.384,1.162],[-2.156,3.002],[-1.544,3.62]],"o":[[0.864,1.999],[0.334,2.18],[-0.197,4.472],[-0.452,1.068],[-0.571,1.011],[-1.255,1.978],[-0.8,0.852],[-0.855,0.798],[-0.896,0.749],[-0.93,0.614],[-0.72,0.504],[-0.734,0.552],[-1.475,1.094],[-2.674,2.468],[-2.091,3.046],[-1.393,3.672],[-1.003,-1.937],[-0.446,-2.166],[0.015,-4.492],[0.411,-1.087],[0.542,-1.027],[1.189,-2.012],[0.755,-0.886],[0.815,-0.83],[0.864,-0.772],[0.939,-0.687],[0,0],[0.755,-0.508],[1.517,-1.009],[2.729,-2.363],[2.182,-2.987],[1.551,-3.628]],"v":[[22.036,-41.588],[23.743,-35.268],[24.068,-28.628],[20.992,-15.385],[19.482,-12.245],[17.665,-9.257],[13.316,-3.76],[10.809,-1.316],[8.141,0.934],[5.324,2.969],[2.544,4.698],[0.365,6.175],[-1.858,7.811],[-6.036,11.345],[-13.139,19.637],[-18.338,29.726],[-21.424,41.588],[-23.516,35.369],[-24.157,28.727],[-21.551,15.342],[-20.141,12.154],[-18.423,9.113],[-14.283,3.489],[-11.887,0.964],[-9.338,-1.387],[-6.635,-3.532],[-3.687,-5.555],[-1.172,-7.066],[1.109,-8.577],[5.405,-11.896],[12.766,-19.922],[18.339,-29.865]],"c":true},"ix":2},"nm":"TracÃÂ© 1","mn":"ADBE Vector Shape - Group","hd":false},{"ty":"fl","c":{"a":0,"k":[0,0,0,1],"ix":4},"o":{"a":0,"k":100,"ix":5},"r":1,"bm":0,"nm":"Fond 1","mn":"ADBE Vector Graphic - Fill","hd":false},{"ty":"tr","p":{"a":0,"k":[64.423,72.966],"ix":2},"a":{"a":0,"k":[0,0],"ix":1},"s":{"a":0,"k":[100,100],"ix":3},"r":{"a":0,"k":0,"ix":6},"o":{"a":0,"k":100,"ix":7},"sk":{"a":0,"k":0,"ix":4},"sa":{"a":0,"k":0,"ix":5},"nm":"Transformer "}],"nm":"Groupe 1","np":2,"cix":2,"bm":0,"ix":1,"mn":"ADBE Vector Group","hd":false},{"ty":"gr","it":[{"ind":0,"ty":"sh","ix":1,"ks":{"a":0,"k":{"i":[[12.759,-21.04],[14.628,8.872],[-12.759,21.038],[-14.628,-8.871]],"o":[[-12.76,21.038],[-14.628,-8.871],[12.76,-21.04],[14.628,8.871]],"v":[[26.487,16.063],[-23.102,38.094],[-26.486,-16.063],[23.104,-38.094]],"c":true},"ix":2},"nm":"TracÃÂ© 1","mn":"ADBE Vector Shape - Group","hd":false},{"ty":"st","c":{"a":0,"k":[0,0,0,1],"ix":3},"o":{"a":0,"k":100,"ix":4},"w":{"a":0,"k":10,"ix":5},"lc":2,"lj":2,"bm":0,"nm":"Contour 1","mn":"ADBE Vector Graphic - Stroke","hd":false},{"ty":"fl","c":{"a":0,"k":[0.41568627451,0.223529411765,0.164705882353,1],"ix":4},"o":{"a":0,"k":100,"ix":5},"r":1,"bm":0,"nm":"Fond 1","mn":"ADBE Vector Graphic - Fill","hd":false},{"ty":"tr","p":{"a":0,"k":[64.245,71.966],"ix":2},"a":{"a":0,"k":[0,0],"ix":1},"s":{"a":0,"k":[100,100],"ix":3},"r":{"a":0,"k":0,"ix":6},"o":{"a":0,"k":100,"ix":7},"sk":{"a":0,"k":0,"ix":4},"sa":{"a":0,"k":0,"ix":5},"nm":"Transformer "}],"nm":"Groupe 2","np":3,"cix":2,"bm":0,"ix":2,"mn":"ADBE Vector Group","hd":false},{"ty":"tw","a":{"a":0,"k":10,"ix":1},"c":{"a":1,"k":[{"i":{"x":0.833,"y":0.833},"o":{"x":0.167,"y":0.167},"t":14,"s":[0,0],"to":[-40.333,0],"ti":[0,0]},{"i":{"x":0.833,"y":0.833},"o":{"x":0.167,"y":0.167},"t":16,"s":[-242,0],"to":[0,0],"ti":[-40.333,0]},{"t":35,"s":[0,0]}],"ix":2},"ix":3,"nm":"Torsion 1","mn":"ADBE Vector Filter - Twist","hd":false}],"ip":0,"op":80,"st":0,"bm":0},{"ddd":0,"ind":3,"ty":4,"nm":"02","sr":1,"ks":{"o":{"a":0,"k":100,"ix":11},"r":{"a":1,"k":[{"i":{"x":[0.833],"y":[0.833]},"o":{"x":[0.167],"y":[0.167]},"t":17,"s":[0]},{"i":{"x":[0.833],"y":[0.833]},"o":{"x":[0.167],"y":[0.167]},"t":23,"s":[352]},{"t":24,"s":[0]}],"ix":10},"p":{"a":1,"k":[{"i":{"x":0.833,"y":0.833},"o":{"x":0.167,"y":0.167},"t":0,"s":[157,222.1,0],"to":[0,0.373,0],"ti":[0,-1.073,0]},{"i":{"x":0.833,"y":0.833},"o":{"x":0.167,"y":0.167},"t":5,"s":[157,222.1,0],"to":[0,2.282,0],"ti":[0,0.567,0]},{"i":{"x":0.833,"y":0.833},"o":{"x":0.167,"y":0.167},"t":7,"s":[157,229.1,0],"to":[0,-0.833,0],"ti":[0,4.165,0]},{"i":{"x":0.833,"y":0.833},"o":{"x":0.167,"y":0.167},"t":9,"s":[157,217.1,0],"to":[0,-4.165,0],"ti":[0,22.498,0]},{"i":{"x":0.833,"y":0.789},"o":{"x":0.167,"y":0.167},"t":12,"s":[157,204.11,0],"to":[0,-22.498,0],"ti":[0,-2.165,0]},{"i":{"x":0.833,"y":0.833},"o":{"x":0.167,"y":0.127},"t":21,"s":[157,82.11,0],"to":[0,2.165,0],"ti":[0,-24.498,0]},{"i":{"x":0.833,"y":0.833},"o":{"x":0.167,"y":0.167},"t":27,"s":[157,217.1,0],"to":[0,24.498,0],"ti":[0,-0.817,0]},{"i":{"x":0.833,"y":0.833},"o":{"x":0.167,"y":0.167},"t":28,"s":[157,229.1,0],"to":[0,0.817,0],"ti":[0,1.183,0]},{"t":32,"s":[157,222,0]}],"ix":2},"a":{"a":0,"k":[64.245,71.965,0],"ix":1},"s":{"a":1,"k":[{"i":{"x":[0.833,0.833,0.833],"y":[0.833,0.833,0.833]},"o":{"x":[0.167,0.167,0.167],"y":[0.167,0.167,0.167]},"t":0,"s":[100,100,100]},{"i":{"x":[0.833,0.833,0.833],"y":[0.833,0.833,0.833]},"o":{"x":[0.167,0.167,0.167],"y":[0.167,0.167,0.167]},"t":5,"s":[100,100,100]},{"i":{"x":[0.833,0.833,0.833],"y":[0.833,0.833,0.833]},"o":{"x":[0.167,0.167,0.167],"y":[0.167,0.167,0.167]},"t":7,"s":[100,81,100]},{"i":{"x":[0.833,0.833,0.833],"y":[0.833,0.833,0.833]},"o":{"x":[0.167,0.167,0.167],"y":[0.167,0.167,0.167]},"t":8,"s":[100,92,100]},{"i":{"x":[0.833,0.833,0.833],"y":[0.833,0.833,0.833]},"o":{"x":[0.167,0.167,0.167],"y":[0.167,0.167,0.167]},"t":12,"s":[100,100,100]},{"i":{"x":[0.833,0.833,0.833],"y":[0.833,0.833,0.833]},"o":{"x":[0.167,0.167,0.167],"y":[0.167,0.167,0.167]},"t":27,"s":[100,92,100]},{"i":{"x":[0.833,0.833,0.833],"y":[1,0.667,1]},"o":{"x":[0.167,0.167,0.167],"y":[0,0.167,0]},"t":28,"s":[100,81,100]},{"t":32,"s":[100,100,100]}],"ix":6}},"ao":0,"shapes":[{"ty":"gr","it":[{"ind":0,"ty":"sh","ix":1,"ks":{"a":0,"k":{"i":[[-0.902,4.219],[-0.314,-2.173],[0.089,-2.238],[1.835,-4.253],[0.531,-1.04],[0.662,-0.962],[1.579,-1.724],[0.882,-0.759],[0.91,-0.724],[0.94,-0.68],[0.894,-0.567],[0.736,-0.528],[0.702,-0.585],[1.327,-1.241],[2.072,-3.052],[1.401,-3.659],[0.631,-4.27],[0.433,2.16],[0.007,2.25],[-1.715,4.308],[-0.492,1.058],[-0.624,0.985],[-1.508,1.77],[-0.835,0.8],[-0.866,0.763],[-0.903,0.715],[-0.986,0.666],[0,0],[-0.73,0.535],[-1.384,1.162],[-2.156,3.002],[-1.544,3.62]],"o":[[0.864,1.999],[0.334,2.18],[-0.197,4.472],[-0.452,1.068],[-0.571,1.011],[-1.255,1.978],[-0.8,0.852],[-0.855,0.798],[-0.896,0.749],[-0.93,0.614],[-0.72,0.504],[-0.734,0.552],[-1.475,1.094],[-2.674,2.468],[-2.091,3.046],[-1.393,3.672],[-1.003,-1.937],[-0.446,-2.166],[0.015,-4.492],[0.411,-1.087],[0.542,-1.027],[1.189,-2.012],[0.755,-0.886],[0.815,-0.83],[0.864,-0.772],[0.939,-0.687],[0,0],[0.755,-0.508],[1.517,-1.009],[2.729,-2.363],[2.182,-2.987],[1.551,-3.628]],"v":[[22.036,-41.588],[23.743,-35.268],[24.068,-28.628],[20.992,-15.385],[19.482,-12.245],[17.665,-9.257],[13.316,-3.76],[10.809,-1.316],[8.141,0.934],[5.324,2.969],[2.544,4.698],[0.365,6.175],[-1.858,7.811],[-6.036,11.345],[-13.139,19.637],[-18.338,29.726],[-21.424,41.588],[-23.516,35.369],[-24.157,28.727],[-21.551,15.342],[-20.141,12.154],[-18.423,9.113],[-14.283,3.489],[-11.887,0.964],[-9.338,-1.387],[-6.635,-3.532],[-3.687,-5.555],[-1.172,-7.066],[1.109,-8.577],[5.405,-11.896],[12.766,-19.922],[18.339,-29.865]],"c":true},"ix":2},"nm":"TracÃÂ© 1","mn":"ADBE Vector Shape - Group","hd":false},{"ty":"fl","c":{"a":0,"k":[0,0,0,1],"ix":4},"o":{"a":0,"k":100,"ix":5},"r":1,"bm":0,"nm":"Fond 1","mn":"ADBE Vector Graphic - Fill","hd":false},{"ty":"tr","p":{"a":0,"k":[64.423,72.966],"ix":2},"a":{"a":0,"k":[0,0],"ix":1},"s":{"a":0,"k":[100,100],"ix":3},"r":{"a":0,"k":0,"ix":6},"o":{"a":0,"k":100,"ix":7},"sk":{"a":0,"k":0,"ix":4},"sa":{"a":0,"k":0,"ix":5},"nm":"Transformer "}],"nm":"Groupe 1","np":2,"cix":2,"bm":0,"ix":1,"mn":"ADBE Vector Group","hd":false},{"ty":"gr","it":[{"ind":0,"ty":"sh","ix":1,"ks":{"a":0,"k":{"i":[[12.759,-21.04],[14.628,8.872],[-12.759,21.038],[-14.628,-8.871]],"o":[[-12.76,21.038],[-14.628,-8.871],[12.76,-21.04],[14.628,8.871]],"v":[[26.487,16.063],[-23.102,38.094],[-26.486,-16.063],[23.104,-38.094]],"c":true},"ix":2},"nm":"TracÃÂ© 1","mn":"ADBE Vector Shape - Group","hd":false},{"ty":"st","c":{"a":0,"k":[0,0,0,1],"ix":3},"o":{"a":0,"k":100,"ix":4},"w":{"a":0,"k":10,"ix":5},"lc":2,"lj":2,"bm":0,"nm":"Contour 1","mn":"ADBE Vector Graphic - Stroke","hd":false},{"ty":"fl","c":{"a":0,"k":[0.41568627451,0.223529411765,0.164705882353,1],"ix":4},"o":{"a":0,"k":100,"ix":5},"r":1,"bm":0,"nm":"Fond 1","mn":"ADBE Vector Graphic - Fill","hd":false},{"ty":"tr","p":{"a":0,"k":[64.245,71.966],"ix":2},"a":{"a":0,"k":[0,0],"ix":1},"s":{"a":0,"k":[100,100],"ix":3},"r":{"a":0,"k":0,"ix":6},"o":{"a":0,"k":100,"ix":7},"sk":{"a":0,"k":0,"ix":4},"sa":{"a":0,"k":0,"ix":5},"nm":"Transformer "}],"nm":"Groupe 2","np":3,"cix":2,"bm":0,"ix":2,"mn":"ADBE Vector Group","hd":false},{"ty":"tw","a":{"a":0,"k":10,"ix":1},"c":{"a":1,"k":[{"i":{"x":0.833,"y":0.833},"o":{"x":0.167,"y":0.167},"t":9,"s":[0,0],"to":[-40.333,0],"ti":[0,0]},{"i":{"x":0.833,"y":0.833},"o":{"x":0.167,"y":0.167},"t":11,"s":[-242,0],"to":[0,0],"ti":[-40.333,0]},{"t":30,"s":[0,0]}],"ix":2},"ix":3,"nm":"Torsion 1","mn":"ADBE Vector Filter - Twist","hd":false}],"ip":0,"op":80,"st":0,"bm":0},{"ddd":0,"ind":4,"ty":4,"nm":"01 ","sr":1,"ks":{"o":{"a":0,"k":100,"ix":11},"r":{"a":1,"k":[{"i":{"x":[0.833],"y":[0.833]},"o":{"x":[0.167],"y":[0.167]},"t":13,"s":[0]},{"i":{"x":[0.833],"y":[0.833]},"o":{"x":[0.167],"y":[0.167]},"t":19,"s":[352]},{"i":{"x":[0.833],"y":[0.833]},"o":{"x":[0.167],"y":[0.167]},"t":20,"s":[0]},{"t":28,"s":[0]}],"ix":10},"p":{"a":1,"k":[{"i":{"x":0.833,"y":0.833},"o":{"x":0.167,"y":0.167},"t":0,"s":[69.233,222.1,0],"to":[0,0.373,0],"ti":[0,-1.073,0]},{"i":{"x":0.833,"y":0.833},"o":{"x":0.167,"y":0.167},"t":1,"s":[69.233,222.1,0],"to":[0,2.282,0],"ti":[0,0.567,0]},{"i":{"x":0.833,"y":0.833},"o":{"x":0.167,"y":0.167},"t":3,"s":[69.233,229.1,0],"to":[0,-0.833,0],"ti":[0,4.165,0]},{"i":{"x":0.833,"y":0.833},"o":{"x":0.167,"y":0.167},"t":5,"s":[69.233,217.1,0],"to":[0,-4.165,0],"ti":[0,22.498,0]},{"i":{"x":0.833,"y":0.789},"o":{"x":0.167,"y":0.167},"t":8,"s":[69.233,204.11,0],"to":[0,-22.498,0],"ti":[0,-2.165,0]},{"i":{"x":0.833,"y":0.833},"o":{"x":0.167,"y":0.127},"t":17,"s":[69.233,82.11,0],"to":[0,2.165,0],"ti":[0,-24.498,0]},{"i":{"x":0.833,"y":0.833},"o":{"x":0.167,"y":0.167},"t":23,"s":[69.233,217.1,0],"to":[0,24.498,0],"ti":[0,-0.817,0]},{"i":{"x":0.833,"y":0.833},"o":{"x":0.167,"y":0.167},"t":24,"s":[69.233,229.1,0],"to":[0,0.817,0],"ti":[0,1.183,0]},{"t":28,"s":[69.233,222,0]}],"ix":2},"a":{"a":0,"k":[64.245,71.965,0],"ix":1},"s":{"a":1,"k":[{"i":{"x":[0.833,0.833,0.833],"y":[0.833,0.833,0.833]},"o":{"x":[0.167,0.167,0.167],"y":[0.167,0.167,0.167]},"t":0,"s":[100,100,100]},{"i":{"x":[0.833,0.833,0.833],"y":[0.833,0.833,0.833]},"o":{"x":[0.167,0.167,0.167],"y":[0.167,0.167,0.167]},"t":1,"s":[100,100,100]},{"i":{"x":[0.833,0.833,0.833],"y":[0.833,0.833,0.833]},"o":{"x":[0.167,0.167,0.167],"y":[0.167,0.167,0.167]},"t":3,"s":[100,81,100]},{"i":{"x":[0.833,0.833,0.833],"y":[0.833,0.833,0.833]},"o":{"x":[0.167,0.167,0.167],"y":[0.167,0.167,0.167]},"t":4,"s":[100,92,100]},{"i":{"x":[0.833,0.833,0.833],"y":[0.833,0.833,0.833]},"o":{"x":[0.167,0.167,0.167],"y":[0.167,0.167,0.167]},"t":8,"s":[100,100,100]},{"i":{"x":[0.833,0.833,0.833],"y":[0.833,0.833,0.833]},"o":{"x":[0.167,0.167,0.167],"y":[0.167,0.167,0.167]},"t":23,"s":[100,92,100]},{"i":{"x":[0.833,0.833,0.833],"y":[1,0.667,1]},"o":{"x":[0.167,0.167,0.167],"y":[0,0.167,0]},"t":24,"s":[100,81,100]},{"t":28,"s":[100,100,100]}],"ix":6}},"ao":0,"shapes":[{"ty":"gr","it":[{"ind":0,"ty":"sh","ix":1,"ks":{"a":0,"k":{"i":[[-0.902,4.219],[-0.314,-2.173],[0.089,-2.238],[1.835,-4.253],[0.531,-1.04],[0.662,-0.962],[1.579,-1.724],[0.882,-0.759],[0.91,-0.724],[0.94,-0.68],[0.894,-0.567],[0.736,-0.528],[0.702,-0.585],[1.327,-1.241],[2.072,-3.052],[1.401,-3.659],[0.631,-4.27],[0.433,2.16],[0.007,2.25],[-1.715,4.308],[-0.492,1.058],[-0.624,0.985],[-1.508,1.77],[-0.835,0.8],[-0.866,0.763],[-0.903,0.715],[-0.986,0.666],[0,0],[-0.73,0.535],[-1.384,1.162],[-2.156,3.002],[-1.544,3.62]],"o":[[0.864,1.999],[0.334,2.18],[-0.197,4.472],[-0.452,1.068],[-0.571,1.011],[-1.255,1.978],[-0.8,0.852],[-0.855,0.798],[-0.896,0.749],[-0.93,0.614],[-0.72,0.504],[-0.734,0.552],[-1.475,1.094],[-2.674,2.468],[-2.091,3.046],[-1.393,3.672],[-1.003,-1.937],[-0.446,-2.166],[0.015,-4.492],[0.411,-1.087],[0.542,-1.027],[1.189,-2.012],[0.755,-0.886],[0.815,-0.83],[0.864,-0.772],[0.939,-0.687],[0,0],[0.755,-0.508],[1.517,-1.009],[2.729,-2.363],[2.182,-2.987],[1.551,-3.628]],"v":[[22.036,-41.588],[23.743,-35.268],[24.068,-28.628],[20.992,-15.385],[19.482,-12.245],[17.665,-9.257],[13.316,-3.76],[10.809,-1.316],[8.141,0.934],[5.324,2.969],[2.544,4.698],[0.365,6.175],[-1.858,7.811],[-6.036,11.345],[-13.139,19.637],[-18.338,29.726],[-21.424,41.588],[-23.516,35.369],[-24.157,28.727],[-21.551,15.342],[-20.141,12.154],[-18.423,9.113],[-14.283,3.489],[-11.887,0.964],[-9.338,-1.387],[-6.635,-3.532],[-3.687,-5.555],[-1.172,-7.066],[1.109,-8.577],[5.405,-11.896],[12.766,-19.922],[18.339,-29.865]],"c":true},"ix":2},"nm":"TracÃÂ© 1","mn":"ADBE Vector Shape - Group","hd":false},{"ty":"fl","c":{"a":0,"k":[0,0,0,1],"ix":4},"o":{"a":0,"k":100,"ix":5},"r":1,"bm":0,"nm":"Fond 1","mn":"ADBE Vector Graphic - Fill","hd":false},{"ty":"tr","p":{"a":0,"k":[64.423,72.966],"ix":2},"a":{"a":0,"k":[0,0],"ix":1},"s":{"a":0,"k":[100,100],"ix":3},"r":{"a":0,"k":0,"ix":6},"o":{"a":0,"k":100,"ix":7},"sk":{"a":0,"k":0,"ix":4},"sa":{"a":0,"k":0,"ix":5},"nm":"Transformer "}],"nm":"Groupe 1","np":2,"cix":2,"bm":0,"ix":1,"mn":"ADBE Vector Group","hd":false},{"ty":"gr","it":[{"ind":0,"ty":"sh","ix":1,"ks":{"a":0,"k":{"i":[[12.759,-21.04],[14.628,8.872],[-12.759,21.038],[-14.628,-8.871]],"o":[[-12.76,21.038],[-14.628,-8.871],[12.76,-21.04],[14.628,8.871]],"v":[[26.487,16.063],[-23.102,38.094],[-26.486,-16.063],[23.104,-38.094]],"c":true},"ix":2},"nm":"TracÃÂ© 1","mn":"ADBE Vector Shape - Group","hd":false},{"ty":"st","c":{"a":0,"k":[0,0,0,1],"ix":3},"o":{"a":0,"k":100,"ix":4},"w":{"a":0,"k":10,"ix":5},"lc":2,"lj":2,"bm":0,"nm":"Contour 1","mn":"ADBE Vector Graphic - Stroke","hd":false},{"ty":"fl","c":{"a":0,"k":[0.41568627451,0.223529411765,0.164705882353,1],"ix":4},"o":{"a":0,"k":100,"ix":5},"r":1,"bm":0,"nm":"Fond 1","mn":"ADBE Vector Graphic - Fill","hd":false},{"ty":"tr","p":{"a":0,"k":[64.245,71.966],"ix":2},"a":{"a":0,"k":[0,0],"ix":1},"s":{"a":0,"k":[100,100],"ix":3},"r":{"a":0,"k":0,"ix":6},"o":{"a":0,"k":100,"ix":7},"sk":{"a":0,"k":0,"ix":4},"sa":{"a":0,"k":0,"ix":5},"nm":"Transformer "}],"nm":"Groupe 2","np":3,"cix":2,"bm":0,"ix":2,"mn":"ADBE Vector Group","hd":false},{"ty":"tw","a":{"a":0,"k":10,"ix":1},"c":{"a":1,"k":[{"i":{"x":0.833,"y":0.833},"o":{"x":0.167,"y":0.167},"t":5,"s":[0,0],"to":[-40.333,0],"ti":[0,0]},{"i":{"x":0.833,"y":0.833},"o":{"x":0.167,"y":0.167},"t":7,"s":[-242,0],"to":[0,0],"ti":[-40.333,0]},{"t":26,"s":[0,0]}],"ix":2},"ix":3,"nm":"Torsion 1","mn":"ADBE Vector Filter - Twist","hd":false}],"ip":0,"op":80,"st":0,"bm":0}],"markers":[]}